persona,email
Ana Gomez,ana.gomez@yahoo.com
Luis Perez,luis.perez@gmail.com
Pedro Garcia,pedrogarcia@Pedro Garcia
Luis Gomez,luis.gomez@hotmail.com
Sara Garcia,sara.garcia@outlook.com
Maria Gonzalez,maria5gonzalez@Maria Gonzalez
Maria Fernandez,maria6fernandez@Maria Fernandez
Juan Garcia,juan.garcia@hotmail.com
Sara Gomez,sara8gomez@Sara Gomez
Sara Fernandez,sara.fernandez@gmail.com
Sara Fernandez,sara.fernandez@outlook.com
Pedro Rodriguez,pedrorodriguez@Pedro Rodriguez
Sara Rodriguez,sara.rodriguez@outlook.com
Maria Perez,maria13perez@Maria Perez
Luis Perez,luis.perez@yahoo.es
Juan Fernandez,juanfernandez@Juan Fernandez
Sara Rodriguez,sararodriguez@Sara Rodriguez
Pedro Fernandez,pedro.fernandez@hotmail.com
Sara Gomez,sara.gomez@yahoo.com
Juan Fernandez,juan.fernandez@yahoo.es
Ana Gonzalez,ana.gonzalez@yahoo.com
Sara Gonzalez,sara.gonzalez@hotmail.com
Luis Gonzalez,luis.gonzalez@hotmail.com
Juan Gonzalez,juangonzalez@Juan Gonzalez
Juan Rodriguez,juan.rodriguez@yahoo.com
Pedro Perez,pedro.perez@outlook.com
Luis Gonzalez,luis.gonzalez@hotmail.com
Luis Rodriguez,luis.rodriguez@yahoo.com
Luis Garcia,luis.garcia@outlook.com
Juan Garcia,juan.garcia@hotmail.com
Pedro Gomez,pedro.gomez@yahoo.es
Maria Garcia,maria.garcia@yahoo.com
Maria Fernandez,maria32fernandez@Maria Fernandez
Luis Gomez,luis.gomez@yahoo.com
Luis Garcia,luis.garcia@outlook.com
Juan Garcia,juan35garcia@Juan Garcia
Pedro Rodriguez,pedro36rodriguez@Pedro Rodriguez
Maria Perez,maria.perez@yahoo.es
Pedro Gomez,pedro.gomez@yahoo.es
Maria Gomez,maria.gomez@gmail.com
Luis Gonzalez,luis40gonzalez@Luis Gonzalez
Luis Rodriguez,luisrodriguez@Luis Rodriguez
Maria Fernandez,mariafernandez@Maria Fernandez
Luis Fernandez,luis.fernandez@hotmail.com
Pedro Garcia,pedro.garcia@yahoo.es
Sara Perez,sara.perez@yahoo.com
Ana Fernandez,ana46fernandez@Ana Fernandez
Pedro Gomez,pedro.gomez@gmail.com
Sara Gonzalez,sara.gonzalez@gmail.com
Maria Garcia,maria.garcia@gmail.com
Maria Perez,maria.perez@gmail.com
Juan Perez,juan.perez@hotmail.com
Luis Rodriguez,luis52rodriguez@Luis Rodriguez
Ana Gonzalez,anagonzalez@Ana Gonzalez
Ana Garcia,ana.garcia@yahoo.es
Ana Gomez,anagomez@Ana Gomez
Maria Garcia,maria.garcia@gmail.com
Pedro Fernandez,pedro.fernandez@yahoo.com
Sara Perez,saraperez@Sara Perez
Juan Fernandez,juan.fernandez@outlook.com
Sara Gonzalez,sara.gonzalez@yahoo.es
Ana Gonzalez,anagonzalez@Ana Gonzalez
Pedro Fernandez,pedrofernandez@Pedro Fernandez
Sara Garcia,sara.garcia@yahoo.com
Maria Garcia,mariagarcia@Maria Garcia
Pedro Garcia,pedro.garcia@gmail.com
Pedro Gomez,pedro.gomez@yahoo.es
Juan Gomez,juan.gomez@gmail.com
Luis Perez,luis.perez@hotmail.com
Luis Gonzalez,luis.gonzalez@hotmail.com
Ana Gonzalez,ana.gonzalez@hotmail.com
Ana Gonzalez,anagonzalez@Ana Gonzalez
Maria Gomez,mariagomez@Maria Gomez
Maria Perez,maria.perez@gmail.com
Luis Garcia,luis.garcia@hotmail.com
Juan Garcia,juan.garcia@hotmail.com
Sara Perez,sara.perez@yahoo.com
Pedro Fernandez,pedrofernandez@Pedro Fernandez
Maria Rodriguez,mariarodriguez@Maria Rodriguez
Maria Rodriguez,maria.rodriguez@gmail.com
Juan Perez,juan.perez@yahoo.es
Ana Fernandez,ana.fernandez@gmail.com
Sara Perez,sara.perez@outlook.com
Juan Gonzalez,juangonzalez@Juan Gonzalez
Juan Perez,juanperez@Juan Perez
Maria Gomez,maria.gomez@hotmail.com
Sara Gomez,saragomez@Sara Gomez
Sara Garcia,sara.garcia@yahoo.com
Maria Gonzalez,maria.gonzalez@yahoo.es
Ana Garcia,ana.garcia@gmail.com
Maria Gomez,mariagomez@Maria Gomez
Ana Fernandez,ana91fernandez@Ana Fernandez
Ana Gomez,anagomez@Ana Gomez
Ana Fernandez,anafernandez@Ana Fernandez
Pedro Gomez,pedro.gomez@outlook.com
Luis Gomez,luis.gomez@hotmail.com
Juan Gomez,juan.gomez@hotmail.com
Juan Perez,juanperez@Juan Perez
Ana Gomez,ana.gomez@hotmail.com
Maria Fernandez,maria.fernandez@yahoo.es
